Webpage,Click Through Rate,Time Spent (sec),Conversion
Webpage B,0,25.569573234503807,0
Webpage B,1,42.189270777360086,1
Webpage B,0,28.82463932862815,0
Webpage A,0,13.50822899805237,0
Webpage A,0,57.09726039473898,0
Webpage B,0,24.504004625702734,0
Webpage A,0,5.805338554742821,0
Webpage B,1,22.9711388088885,0
Webpage A,0,36.846169946558085,0
Webpage A,0,10.527955072366936,0
Webpage B,0,18.79451920904262,0
Webpage A,1,18.708638195688213,0
Webpage A,0,66.48514254231384,1
Webpage A,0,17.460331875369853,0
Webpage B,0,41.99008512467983,0
Webpage A,0,39.6447312648272,1
Webpage A,1,9.753832540181357,0
Webpage B,1,40.54634781025524,0
Webpage B,0,29.07631891021842,0
Webpage A,0,36.188552399755636,0
Webpage A,0,67.72830386020308,0
Webpage B,0,31.62669097852423,1
Webpage B,0,35.39089475767402,0
Webpage A,0,0.41087608167934775,0
Webpage B,0,2.7254895082920854,0
Webpage A,0,61.088231251163606,0
Webpage B,0,49.36023749527441,0
Webpage B,1,3.3356324599062788,0
Webpage B,0,34.12665552196628,0
Webpage B,0,-26.691214773762248,0
Webpage A,0,40.394554679657766,0
Webpage A,0,28.78217331952023,0
Webpage A,1,18.298581192508273,1
Webpage B,0,55.826673575929355,0
Webpage B,1,31.63600612798879,0
Webpage A,0,36.64423920159725,0
Webpage B,0,38.29646246353526,1
Webpage B,0,40.265729435048776,0
Webpage A,1,15.793946300113637,1
Webpage A,0,35.772597975393246,1
Webpage B,0,47.60417990392831,0
Webpage B,0,65.30226186946456,0
Webpage B,0,35.964264729531,0
Webpage B,1,17.573045964331428,0
Webpage B,0,16.29009119224498,0
Webpage A,0,69.97002880377343,0
Webpage A,0,11.665588807387515,1
Webpage A,0,16.673873761946766,1
Webpage B,0,13.570134070281227,0
Webpage A,1,30.493788005314876,0
Webpage B,0,51.25298671210422,1
Webpage B,0,-10.554902478468755,0
Webpage A,0,19.088677236335265,0
Webpage A,0,33.9194508072693,1
Webpage B,1,3.9837481181079824,0
Webpage B,1,33.51816934610448,1
Webpage A,1,7.921995564217795,0
Webpage B,0,21.224246153019035,0
Webpage B,0,41.0007085179338,0
Webpage B,0,2.7647921771612403,1
Webpage B,0,45.87649743946857,1
Webpage B,1,44.09544261696962,0
Webpage B,1,56.31366259767092,0
Webpage A,0,37.42254356644173,0
Webpage B,1,39.630632828212235,0
Webpage B,1,4.266932141627187,0
Webpage B,0,54.935580137417965,1
Webpage A,0,31.278425267554603,0
Webpage B,0,27.614974977442017,0
Webpage A,0,42.10678256444287,1
Webpage B,1,45.494655688518904,0
Webpage A,0,20.14114282627875,0
Webpage B,0,27.309490652777367,0
Webpage B,1,9.730694400962651,0
Webpage A,1,22.470095397252976,0
Webpage B,0,4.729713066281608,1
Webpage A,0,51.43249073935815,0
Webpage A,1,21.019152867884884,0
Webpage A,0,6.909571530851416,1
Webpage A,0,70.50719843817885,1
Webpage A,0,16.292518874948733,0
Webpage A,0,15.538872496513807,0
Webpage B,0,67.48535089513572,1
Webpage A,1,60.466891667483665,0
Webpage B,0,63.9218851438713,0
Webpage B,0,41.61218043728738,0
Webpage B,0,33.347680352829535,0
Webpage B,1,24.31895767235166,0
Webpage A,0,38.17763084833955,0
Webpage B,0,30.72350742141039,0
Webpage A,0,46.39406263582276,0
Webpage A,0,39.93031442464759,0
Webpage B,0,39.388292454167896,0
Webpage B,0,36.22344381716851,0
Webpage A,0,31.8736855320374,0
Webpage B,0,73.46903413853047,0
Webpage B,0,3.308366908827651,0
Webpage B,0,23.38114957101527,0
Webpage A,0,64.51646368460361,0
Webpage B,1,9.746523228042292,1
Webpage A,0,24.027971077305303,0
Webpage B,0,9.81168089585692,0
Webpage A,0,47.32258039545851,0
Webpage B,0,40.64201088593565,1
Webpage A,0,31.332011164092293,0
Webpage B,1,29.599851680245482,0
Webpage A,0,-12.336820246833426,0
Webpage A,1,7.8016696966980845,0
Webpage B,0,16.406973588835733,0
Webpage B,1,16.944920733075982,1
Webpage A,0,5.016813004563126,1
Webpage A,0,42.22277251904914,0
Webpage B,0,38.056951353320386,0
Webpage B,0,86.09033536828532,0
Webpage B,0,56.66604955499639,0
Webpage B,1,19.48999297853433,0
Webpage B,0,10.63180368134438,0
Webpage B,0,43.10443530781224,0
Webpage B,0,51.48291153379418,0
Webpage B,0,43.025362036875116,1
Webpage B,0,50.49440072423745,1
Webpage B,1,41.58679340871093,1
Webpage B,0,30.164619173821766,1
Webpage A,0,37.10337542591316,0
Webpage A,0,45.292014715450115,1
Webpage A,0,40.63181686710032,0
Webpage A,0,34.92422527408998,0
Webpage A,0,66.98891215546367,1
Webpage A,1,-27.285379528358924,1
Webpage A,0,25.219940097073987,0
Webpage B,1,56.18671593524962,0
Webpage B,0,6.295659943500425,0
Webpage A,1,50.21473004720018,0
Webpage A,0,-3.170672777791424,0
Webpage A,1,-9.708745834464665,0
Webpage B,1,-13.793795134264471,0
Webpage B,0,41.88493896262132,0
Webpage A,0,42.216103219384536,0
Webpage A,1,49.105464285606246,1
Webpage B,0,13.660730580679232,0
Webpage A,0,38.27496424029182,1
Webpage A,0,-17.239658609704804,1
Webpage B,0,41.58906491467464,0
Webpage B,0,32.22140498333018,1
Webpage B,0,12.716601632003698,1
Webpage A,0,53.52777266302199,0
Webpage B,0,35.46707913003493,0
Webpage A,1,23.430580497482413,0
Webpage B,1,73.00244694918382,1
Webpage A,0,13.636913268734247,1
Webpage B,0,33.85405156330022,1
Webpage A,0,18.53142641170955,1
Webpage A,0,51.279110203426825,1
Webpage B,0,22.135875335786473,0
Webpage B,0,11.297553107915661,0
Webpage B,0,36.47492203990311,0
Webpage B,1,4.969213665311585,0
Webpage A,0,58.82100907711007,1
Webpage A,0,41.678751671219445,0
Webpage A,0,57.163840371568085,0
Webpage A,0,37.85265598619075,0
Webpage A,0,19.97157159409146,0
Webpage B,0,0.7340533218347076,0
Webpage A,0,38.820397540475824,0
Webpage A,1,23.18222331085458,0
Webpage A,1,20.81440622035683,0
Webpage B,0,25.932937826977735,1
Webpage A,1,25.828968667885743,1
Webpage A,0,9.799094937033061,0
Webpage B,0,18.42560142550634,0
Webpage A,0,52.7081076720477,1
Webpage A,1,12.130038807080336,0
Webpage A,0,46.852326939442435,0
Webpage B,0,35.31952024820841,0
Webpage A,0,55.506317309290665,0
Webpage B,0,39.21115238349295,0
Webpage B,1,-4.6489062448506075,0
Webpage A,0,-11.669389320873442,1
Webpage B,0,-17.031693479380067,1
Webpage B,0,19.180725384430524,1
Webpage A,1,48.06295553142556,0
Webpage B,1,19.210338007396302,0
Webpage B,0,51.6227570012922,0
Webpage B,0,31.400934077475824,0
Webpage A,0,12.9566230271423,0
Webpage A,0,31.55029378371429,0
Webpage B,1,3.075867631077081,0
Webpage B,0,43.93901374928798,0
Webpage B,0,11.44135754305129,0
Webpage B,1,46.485738082317546,0
Webpage B,0,58.92457861795921,1
Webpage A,0,51.28637269293824,0
Webpage A,0,18.680538383975595,0
Webpage B,0,34.65210444114194,0
Webpage A,0,-7.197571160434762,0
Webpage B,1,5.834815983322613,0
Webpage B,0,18.79724452598878,1
Webpage A,0,32.836593209601645,1
Webpage A,0,62.81623525161379,1
Webpage B,0,54.87851304473091,0
Webpage A,0,-20.67329840728454,0
Webpage A,0,-15.207438987651521,0
Webpage A,0,28.89270022269767,0
Webpage B,0,37.37629791274483,1
Webpage B,0,72.62326361854849,0
Webpage B,1,54.95339860294993,0
Webpage B,0,11.46245712690951,0
Webpage B,0,51.69215628794406,0
Webpage A,0,27.357695084510706,0
Webpage A,0,57.61064642860516,0
Webpage B,0,31.419104095139062,1
Webpage A,1,49.3202530337845,0
Webpage A,0,28.32098408459961,1
Webpage B,0,48.18100339259131,0
Webpage B,0,37.809214022449126,0
Webpage B,0,9.438439113484169,1
Webpage A,0,42.28080804565997,0
Webpage B,1,28.397650190790998,0
Webpage B,0,61.58213035155595,1
Webpage B,1,60.577735261520786,0
Webpage B,1,55.89441463498433,0
Webpage B,1,50.25577920478472,1
Webpage B,0,28.218887231273964,0
Webpage A,0,57.636317182593714,1
Webpage A,0,34.19458552431675,0
Webpage B,0,26.856764103012573,0
Webpage B,0,34.13596613964794,0
Webpage B,0,6.078539495220074,0
Webpage A,0,12.374293079224074,0
Webpage B,0,41.55149609659422,1
Webpage A,0,9.650351104503315,0
Webpage A,1,14.611188228348992,0
Webpage A,0,40.91864346383605,0
Webpage A,0,34.790484024991606,0
Webpage A,0,11.272186720373902,0
Webpage B,0,43.10015233388074,1
Webpage B,0,49.246163096616144,0
Webpage B,1,13.06092925573941,0
Webpage A,0,24.807889359953645,0
Webpage B,0,-4.903742026006469,0
Webpage A,0,32.90231030035498,0
Webpage A,0,47.641126950830866,0
Webpage B,0,21.040647944613003,0
Webpage A,0,17.112193279293717,0
Webpage A,0,16.51542971131831,0
Webpage B,1,23.79322515576653,0
Webpage A,0,45.50093063510422,0
Webpage A,0,18.33780929750536,1
Webpage B,0,13.99011323923105,1
Webpage A,0,38.66260644828587,1
Webpage B,0,59.62002625427891,0
Webpage A,0,27.364975931285514,1
Webpage B,0,78.40159221320248,0
Webpage A,0,54.28827430923631,0
Webpage B,0,8.726727705334419,0
Webpage A,0,52.11857813237887,0
Webpage B,0,4.138095824646108,0
Webpage A,1,15.004133989704487,1
Webpage B,0,91.59691864547902,0
Webpage B,0,33.360329599561105,0
Webpage B,0,50.01412521067066,0
Webpage B,0,20.647728253768513,0
Webpage A,0,47.88013276791717,0
Webpage B,0,31.13996883405145,1
Webpage A,0,49.07439949836562,0
Webpage A,1,-8.88241829672922,0
Webpage B,1,-12.420980562731117,0
Webpage B,1,50.02032044946834,0
Webpage B,1,80.91604546852426,0
Webpage B,1,66.01679857194031,1
Webpage B,1,24.739568080714086,0
Webpage A,0,42.02458380352097,0
Webpage A,0,7.110612606852349,0
Webpage B,0,32.93712127587586,1
Webpage A,0,33.89207288118688,0
Webpage A,0,23.07032416578109,0
Webpage A,0,28.60751853287352,0
Webpage A,1,33.729867322730925,0
Webpage B,0,10.738271685430995,0
Webpage A,0,30.475326132228066,0
Webpage B,1,47.29288597859432,0
Webpage A,1,35.895287198872985,0
Webpage B,0,63.629855644984715,1
Webpage B,0,57.65379121065156,0
Webpage A,0,61.622835526005304,0
Webpage B,0,36.62677282489898,0
Webpage A,0,15.72665491663449,0
Webpage B,0,-8.121468786815242,1
Webpage A,0,-22.716388050871082,0
Webpage A,0,29.9758070617262,1
Webpage B,1,33.54622160009905,0
Webpage A,0,3.3346683996498783,0
Webpage B,1,48.99801576810688,0
Webpage B,1,-5.468336755918102,0
Webpage B,0,60.83121064001202,0
Webpage A,0,36.927588934394855,0
Webpage A,0,42.382507362427745,0
Webpage A,0,-0.4855952314942016,1
Webpage B,0,18.71632201665851,1
Webpage A,0,62.94902404869365,0
Webpage B,0,24.117208080256518,0
Webpage A,0,36.527471101037214,0
Webpage A,0,9.833794628742172,1
Webpage B,1,34.637197546879506,0
Webpage A,0,6.351553562413091,1
Webpage B,1,10.352867985878252,0
Webpage A,0,2.3497518095621217,0
Webpage A,0,59.17176566392912,1
Webpage A,1,16.716670909396477,0
Webpage A,0,7.567297118536896,0
Webpage A,0,-5.295059577837598,0
Webpage A,0,29.75234573924766,1
Webpage B,0,26.842500802169265,0
Webpage B,0,26.096398939527923,0
Webpage A,1,13.38517644489485,1
Webpage A,0,48.14052282913279,0
Webpage B,0,47.66687786861722,0
Webpage A,0,66.95992669035081,0
Webpage B,0,25.3164686542501,0
Webpage A,0,43.57386702741839,1
Webpage B,0,11.78149002195697,0
Webpage B,1,10.163731295726404,0
Webpage B,0,-0.3058444085860721,1
Webpage B,0,22.38075822248431,0
Webpage A,0,-6.00255082020572,0
Webpage B,1,24.649391413561894,0
Webpage A,0,19.913862583118327,1
Webpage A,0,-9.323972333702507,0
Webpage A,0,47.26744252271011,0
Webpage B,0,-8.019924418867113,0
Webpage A,1,2.7054001921316413,1
Webpage A,0,4.975301536460439,1
Webpage B,1,13.093807711718046,0
Webpage A,0,17.40769850928958,0
Webpage B,0,25.498342824146533,0
Webpage B,0,20.054379154129116,0
Webpage A,0,49.702089442958346,0
Webpage B,0,40.01055232717917,0
Webpage A,1,49.6450960330526,1
Webpage B,0,39.74538133210991,0
Webpage B,0,97.73541680753675,0
Webpage A,0,-13.423299234276627,0
Webpage A,0,49.61106216853153,1
Webpage B,0,54.60328209257871,0
Webpage A,0,23.63457029852984,0
Webpage B,1,51.83380163151577,0
Webpage A,0,43.642521440677385,0
Webpage B,0,11.458300391785649,0
Webpage B,0,32.65533325198972,0
Webpage A,0,36.235545992862065,0
Webpage B,0,80.48402824983214,0
Webpage B,1,24.219094091944054,0
Webpage A,0,77.54594219490264,1
Webpage B,1,-15.699299713216575,0
Webpage A,0,-10.039520975023194,1
Webpage A,0,-9.868670280068763,0
Webpage B,0,58.24176310659386,1
Webpage B,0,47.7834190249101,0
Webpage B,1,40.94473627844542,0
Webpage A,1,34.46140543248503,0
Webpage A,0,42.8969236221654,0
Webpage B,0,34.85748429270554,0
Webpage B,1,55.51145597971562,0
Webpage B,0,-15.851008718569638,1
Webpage A,0,57.10719664725575,1
Webpage B,0,29.186024975013122,0
Webpage A,0,6.676249174443875,0
Webpage B,0,22.829209711192828,0
Webpage B,1,33.83652731158254,1
Webpage B,0,14.267438273076767,0
Webpage A,0,42.10004358246045,0
Webpage A,1,-12.791007424920082,1
Webpage A,1,26.554615328818958,0
Webpage B,0,51.46967421726725,0
Webpage B,0,21.55029671131467,0
Webpage A,1,45.397656354349266,0
Webpage B,0,12.590333567993454,0
Webpage A,0,35.19675659597824,0
Webpage B,0,66.3721022463593,1
Webpage A,0,38.22486804175828,1
Webpage B,1,36.70914182026073,0
Webpage B,1,23.936026458933117,0
Webpage B,0,24.818255232305066,1
Webpage A,0,39.341226973873155,1
Webpage B,0,27.163413764023108,0
Webpage A,0,28.614679419179215,1
Webpage B,0,46.75940234050127,1
Webpage A,0,43.45714939649052,1
Webpage B,0,53.45176163737911,0
Webpage B,0,57.24305912670164,0
Webpage B,0,60.6450384025551,0
Webpage A,0,40.72558838456068,1
Webpage B,1,24.914809000800112,1
Webpage B,1,20.79646958298214,1
Webpage A,0,44.581844666392996,0
Webpage B,1,19.08211382842508,0
Webpage A,1,26.629705600191556,1
Webpage A,0,5.766540811130106,0
Webpage B,1,34.247609035321624,0
Webpage B,1,19.162314800492922,0
Webpage A,0,39.66845270868041,0
Webpage A,0,70.48522390731773,0
Webpage A,0,71.53811937876367,1
Webpage A,0,31.309581548218766,0
Webpage A,0,39.73519863475153,1
Webpage B,1,22.970164039217355,0
Webpage A,0,40.187620717271905,1
Webpage A,1,15.376900850367058,0
Webpage A,0,26.36720174560311,1
Webpage B,0,4.173229847514918,0
Webpage A,0,70.79730272566968,0
Webpage A,1,13.089421629017608,0
Webpage A,0,23.634612544726853,0
Webpage A,1,37.54024663487751,1
Webpage B,0,30.798849059645747,1
Webpage A,0,43.59574904503405,0
Webpage B,0,19.622861947866337,0
Webpage B,0,62.670231232811005,0
Webpage B,0,31.205478816672688,0
Webpage A,0,7.5455502683558855,0
Webpage A,0,7.878505820568833,0
Webpage A,0,53.56611382861449,0
Webpage B,1,52.01465040536109,1
Webpage B,1,-5.746934376306143,0
Webpage B,0,30.624481547909937,1
Webpage B,0,44.52695349584367,0
Webpage A,0,73.74522440657016,0
Webpage B,0,30.467928670335603,1
Webpage A,0,66.04063119081502,1
Webpage A,0,4.463862555347482,1
Webpage B,0,50.463805182994165,0
Webpage A,1,38.112591653190506,0
Webpage A,0,-31.46406985357602,1
Webpage A,0,50.75321582069399,1
Webpage B,0,12.999822159128307,0
Webpage A,0,7.734455762551679,1
Webpage B,0,18.46171522041097,0
Webpage B,0,12.052398905617412,0
Webpage A,1,23.025325866028496,1
Webpage A,1,32.666361856999124,0
Webpage A,0,30.958044081733604,1
Webpage A,0,38.667584675405465,0
Webpage B,1,9.948138972624498,0
Webpage B,0,0.9059721218348926,0
Webpage B,0,25.75967311382682,0
Webpage A,0,43.12154131031186,1
Webpage B,0,33.99070716527976,0
Webpage A,0,54.06605761056329,0
Webpage A,1,30.915429814374004,1
Webpage B,0,46.88693296679895,0
Webpage A,0,59.329351452883,0
Webpage B,1,42.369248012378364,0
Webpage B,0,49.68180069652737,0
Webpage B,0,97.03464430431532,0
Webpage B,0,41.8603014267254,0
Webpage A,1,25.31320862521743,0
Webpage A,0,34.439668890211394,0
Webpage B,0,17.133589166833186,1
Webpage B,0,-18.852868867176966,0
Webpage A,0,22.928515057616224,0
Webpage A,1,42.934224949817946,0
Webpage A,0,6.93127313902291,0
Webpage A,0,28.349533136044812,1
Webpage B,0,5.469531918282961,1
Webpage B,0,16.984304404212608,0
Webpage B,1,35.63010386397197,0
Webpage A,0,55.01727979046103,1
Webpage A,0,43.6298751669043,0
Webpage A,0,28.057487058472574,0
Webpage B,1,55.458589841575865,1
Webpage B,0,36.02601358452817,1
Webpage A,0,18.890457710547103,1
Webpage B,1,44.187313440266735,0
Webpage B,0,109.46780206424972,0
Webpage A,0,34.32412086207881,1
Webpage A,0,59.042671513686884,0
Webpage A,0,31.946406626682617,0
Webpage B,1,13.971572530988905,0
Webpage B,0,8.722746919616018,0
Webpage B,1,33.719103130646225,0
Webpage B,0,40.66518398894435,0
Webpage A,1,37.77542873943283,1
Webpage A,1,7.435437646792071,1
Webpage B,0,18.065000982022106,1
Webpage B,1,2.5847207916514456,1
Webpage B,0,39.988815377620725,0
Webpage B,1,11.615570354274336,1
Webpage A,1,31.087053538719346,0
Webpage B,0,33.97006293570377,1
Webpage A,0,40.031349082609445,0
Webpage B,1,28.204200920055474,1
Webpage B,0,32.663895997686154,1
Webpage A,0,13.00110216075694,1
Webpage A,0,44.92524094989133,1
Webpage A,0,36.280021148271274,0
Webpage B,1,13.00296616156264,0
Webpage A,0,80.3376986126711,0
Webpage A,0,67.01425646806865,1
Webpage B,0,18.816833844521764,0
Webpage A,0,35.70531048181712,1
Webpage A,0,25.84977075519285,0
Webpage A,1,42.00148580731176,1
Webpage A,1,35.492234025044674,0
Webpage B,0,36.57859159131249,0
Webpage B,1,51.601185885744684,0
Webpage A,0,29.743727304393012,0
Webpage B,0,34.817897706585356,0
Webpage B,0,42.868386335433684,1
Webpage A,0,35.538551937322,1
Webpage A,1,-0.31546716396666596,1
Webpage B,0,69.93334041930244,0
Webpage A,0,15.702912443126495,1
Webpage A,0,64.16056579191398,0
Webpage B,0,50.50809424228814,0
Webpage B,1,34.372470894870006,0
Webpage B,0,55.20083610938945,1
Webpage B,1,22.14086179256004,0
Webpage B,0,40.31149811543813,1
Webpage A,1,42.08578626816252,1
Webpage B,0,-3.3069295443499485,1
Webpage A,1,34.26944618624259,0
Webpage B,0,24.543755852979817,1
Webpage B,1,20.634950062241977,1
Webpage B,0,9.010887928855563,1
Webpage B,0,23.252453885438918,0
Webpage A,1,16.987232144448125,0
Webpage A,0,9.889980167170776,0
Webpage A,0,-17.534587243885674,1
Webpage A,0,53.46091822879943,0
Webpage B,1,42.80897685429095,0
Webpage A,0,14.066694043817693,0
Webpage B,0,6.957611113311028,0
Webpage B,1,17.64819735054622,0
Webpage B,0,33.80964361764854,0
Webpage A,0,21.74758606552652,0
Webpage B,0,34.48004717796486,1
Webpage A,1,22.762124466639495,1
Webpage A,0,20.290339816169876,0
Webpage B,1,9.9441018580496,0
Webpage B,1,54.013451460977606,0
Webpage B,1,20.895708966110128,1
Webpage B,0,69.47321756741445,0
Webpage A,0,14.641620370698636,1
Webpage B,1,40.23374110904031,0
Webpage A,0,7.94216994523644,0
Webpage A,1,23.362271087906848,0
Webpage B,0,44.305620230066936,0
Webpage A,0,15.133786902955348,1
Webpage B,0,6.518629189689175,0
Webpage B,1,12.165600470810837,0
Webpage A,0,45.711038312547345,0
Webpage A,1,36.00230392314814,0
Webpage A,0,50.61856221946468,1
Webpage B,0,52.05235470001143,0
Webpage B,0,13.131100999222724,0
Webpage A,0,-16.651293296516485,0
Webpage B,0,52.20160188974472,1
Webpage A,0,58.09228361594786,0
Webpage B,0,29.423748862287447,0
Webpage B,0,45.80173110918106,0
Webpage B,0,39.634009429024886,0
Webpage A,0,-4.69426786476815,0
Webpage A,0,6.678240267834049,0
Webpage B,0,17.181622082737345,0
Webpage B,1,17.25354164352717,0
Webpage B,0,13.853963300158732,0
Webpage A,0,32.10296961726727,0
Webpage A,0,44.599894269136946,1
Webpage B,0,0.5160464418000217,0
Webpage B,1,12.9834178438205,1
Webpage A,1,88.08352974286254,0
Webpage B,0,33.48052787326383,1
Webpage A,1,16.920526077267013,1
Webpage B,0,18.81461542534973,0
Webpage A,0,52.589876950045905,0
Webpage A,1,41.54526925142356,0
Webpage A,0,20.42163763551305,0
Webpage B,0,0.8113071176787585,0
Webpage A,0,53.303193367205886,0
Webpage A,1,-11.740451675151746,0
Webpage B,1,2.326348005874145,0
Webpage A,0,42.448971378993285,1
Webpage A,0,54.69209213988158,0
Webpage A,0,-0.1361544284885703,0
Webpage A,1,57.162918413409514,0
Webpage B,0,18.574143829103576,0
Webpage A,0,-8.017723362733072,1
Webpage A,0,57.90028162573981,0
Webpage A,1,2.144797047227197,1
Webpage B,0,31.788380817464766,0
Webpage A,0,36.68076787670039,1
Webpage B,1,-10.758561508739838,0
Webpage B,0,28.924060834095023,0
Webpage B,0,26.77215360731111,0
Webpage A,0,45.362477123984746,0
Webpage A,0,25.9380193809926,0
Webpage A,0,37.21503898746481,0
Webpage A,0,27.86429680757354,0
Webpage A,0,36.51325001956571,1
Webpage A,0,38.92063586090353,0
Webpage B,0,-10.555443963896707,0
Webpage A,0,7.281931614330649,0
Webpage A,0,42.158316281151194,1
Webpage B,1,-9.701716382485174,1
Webpage A,0,18.633256978589436,0
Webpage B,1,47.86709521418099,0
Webpage A,1,55.33188244169911,1
Webpage B,0,27.532673368569593,0
Webpage A,1,41.526163664912005,0
Webpage A,0,37.349692992874544,0
Webpage A,1,-6.541753286197967,1
Webpage B,1,59.34649824716481,0
Webpage A,0,11.84165078672126,0
Webpage B,0,27.045989631878133,0
Webpage A,0,20.12400615959555,0
Webpage A,0,5.474448676059264,1
Webpage A,0,42.35228539117445,1
Webpage A,1,71.3340121129385,0
Webpage B,0,68.40871079072522,1
Webpage A,0,44.95738638174696,1
Webpage B,0,5.291271116284161,0
Webpage B,0,4.24698190866242,0
Webpage A,1,11.804785952181586,1
Webpage B,1,-3.7614625788185307,0
Webpage B,1,50.6777969868417,0
Webpage B,1,16.006076691539047,0
Webpage A,0,27.895158295880904,0
Webpage B,1,41.56376366290971,1
Webpage B,0,6.287943097254406,0
Webpage A,0,40.14796160822338,1
Webpage A,0,70.15680490114445,0
Webpage A,0,41.7688600695919,0
Webpage A,0,27.606142311986613,0
Webpage B,1,21.399226911224126,1
Webpage A,0,27.810175224601558,0
Webpage A,1,35.86979837604032,0
Webpage A,1,24.175998173243684,0
Webpage B,0,36.437734786492676,0
Webpage A,0,11.702269371242956,0
Webpage B,1,55.827282429147225,0
Webpage A,1,50.569180709366776,0
Webpage B,1,45.276371906591365,0
Webpage B,0,15.518717994083552,0
Webpage B,1,69.1017898589573,0
Webpage A,1,10.160388647259968,0
Webpage A,1,26.266305029365878,0
Webpage A,1,41.467248716014666,1
Webpage A,0,14.515446294109601,1
Webpage A,0,37.75268891608047,0
Webpage A,0,45.79603288502214,1
Webpage B,0,65.73906625962675,0
Webpage B,1,51.60865724480024,1
Webpage A,0,78.97898637237502,0
Webpage A,0,35.54076953809738,0
Webpage A,1,34.81768084937967,1
Webpage A,0,13.323123469739109,0
Webpage B,1,31.742125142966998,0
Webpage B,0,41.84369289177994,0
Webpage A,0,26.00165357153491,0
Webpage B,0,68.8514202324375,0
Webpage A,0,21.69440902660757,0
Webpage B,0,35.21872788519504,0
Webpage B,0,-4.722265378949217,0
Webpage B,0,16.953766104769425,0
Webpage B,0,6.384728999564185,0
Webpage A,0,26.905726219913007,0
Webpage A,0,25.202566064124543,0
Webpage A,1,7.884314439043223,0
Webpage A,0,48.35009217614785,0
Webpage B,0,3.791728906075047,1
Webpage B,0,9.275723941939628,0
Webpage B,1,19.458935574523537,0
Webpage A,0,42.70992081264946,0
Webpage B,1,52.77640114742506,1
Webpage B,0,54.933264684181225,1
Webpage B,0,-7.83328773683904,0
Webpage B,1,35.31511939555203,0
Webpage B,1,54.28264769186439,0
Webpage A,1,32.70121130934836,0
Webpage B,0,28.951200413002493,0
Webpage A,0,30.263476033654154,1
Webpage B,0,49.48707349998851,1
Webpage A,0,-17.231405350877083,0
Webpage A,0,14.5857012526537,1
Webpage A,0,50.704104637231026,0
Webpage B,0,22.120085392089365,0
Webpage A,0,23.655276293163425,1
Webpage A,1,58.79312177415882,0
Webpage A,1,40.006604518381394,1
Webpage A,0,16.868636770099815,1
Webpage B,1,28.228630362627094,1
Webpage A,0,36.35522700659111,1
Webpage A,1,8.997446119356443,1
Webpage A,0,32.694618017567336,0
Webpage A,1,21.78005597044733,0
Webpage A,0,10.749321197690147,0
Webpage A,0,39.394972626513145,0
Webpage A,0,6.582862054142712,0
Webpage A,1,28.45333843021909,0
Webpage B,0,20.67484421267951,1
Webpage A,0,23.04084473248299,1
Webpage A,0,15.816065962606299,0
Webpage A,0,27.8681109207889,0
Webpage A,0,3.032834877562596,0
Webpage B,1,39.66503821644196,0
Webpage B,1,31.198620533112706,0
Webpage B,1,32.43224489548237,0
Webpage A,0,-30.403792594959114,1
Webpage B,1,35.67093977116469,0
Webpage B,0,54.6325540901713,1
Webpage B,1,50.94999755440295,0
Webpage A,0,20.42716567973893,0
Webpage A,0,21.99731217120099,1
Webpage B,0,60.3202276797893,1
Webpage A,0,-6.218498542869106,0
Webpage B,0,4.7724936848415425,0
Webpage A,0,45.479418405492325,0
Webpage B,0,12.988080266141388,0
Webpage B,0,14.74209196300426,1
Webpage B,1,65.97625120687364,0
Webpage B,1,44.190721777096144,0
Webpage B,0,58.43331256935175,0
Webpage A,0,23.55180738571594,0
Webpage B,0,29.174395662552882,1
Webpage B,1,51.454697790425534,0
Webpage B,0,31.681962739600234,0
Webpage B,1,5.7959276086581575,0
Webpage B,1,50.755791096202444,0
Webpage B,1,51.87175614174788,0
Webpage A,0,50.56360200477849,0
Webpage B,0,16.952855356555155,1
Webpage A,0,42.3138150406565,0
Webpage B,0,25.93177213273137,0
Webpage A,1,-6.044669976173871,0
Webpage A,0,58.27075920147657,1
Webpage B,0,13.353453199863193,0
Webpage A,0,15.210605538862024,1
Webpage A,1,38.94248861109793,0
Webpage A,0,21.122297487980312,0
Webpage A,0,15.27030351554775,0
Webpage B,0,12.251323549668939,0
Webpage B,0,-7.8395482409321815,0
Webpage A,0,40.230495520466256,0
Webpage A,1,18.882504898755997,1
Webpage A,0,80.1889043700719,1
Webpage B,1,50.5910137415819,0
Webpage A,0,31.5262142003944,0
Webpage B,0,29.754228064836113,0
Webpage B,0,20.78111457589118,0
Webpage B,0,2.236052440534081,0
Webpage B,0,38.67270118141806,1
Webpage B,1,62.992994815932114,0
Webpage A,0,25.88786583539137,0
Webpage A,0,34.69362607240583,1
Webpage A,0,49.51871470013786,0
Webpage B,1,24.231117200936193,0
Webpage B,0,-5.275739125808002,0
Webpage A,0,55.845965630846806,1
Webpage B,1,43.012292786266855,0
Webpage B,0,32.034082662645886,0
Webpage A,0,24.70279710509727,0
Webpage A,0,18.929285042669317,1
Webpage B,0,69.91750686916413,0
Webpage B,0,45.58004710277833,0
Webpage B,1,17.462870318250108,0
Webpage A,0,33.276568372857334,0
Webpage B,1,67.35031914716296,0
Webpage B,1,42.412393759381814,0
Webpage A,1,11.452333603489425,1
Webpage B,0,1.5325802873188437,1
Webpage B,0,-9.62218520725196,1
Webpage A,0,40.08063212112609,1
Webpage B,0,60.082523652281665,0
Webpage A,0,44.70158591749251,0
Webpage A,0,32.60692637505786,0
Webpage B,1,12.005689856951623,0
Webpage A,0,27.250809268854862,1
Webpage A,0,37.458866490060785,1
Webpage B,0,51.45528075457385,0
Webpage A,0,31.527021982108135,1
Webpage B,0,43.47581335967662,0
Webpage A,1,31.833433012402697,0
Webpage A,1,60.561093160973115,0
Webpage B,0,37.05407946937383,0
Webpage B,1,26.710523565170405,0
Webpage B,0,72.39291882112548,0
Webpage A,0,17.482977440721257,0
Webpage B,0,13.43522392675898,0
Webpage B,0,18.70231949399564,1
Webpage B,0,23.694257581787515,0
Webpage B,1,13.480976988402542,1
Webpage A,0,23.7080498613163,0
Webpage B,0,28.447984990028655,0
Webpage A,1,43.98926543062525,1
Webpage B,0,36.46813022853761,0
Webpage B,1,38.36224077071208,0
Webpage A,0,68.31372260007049,1
Webpage B,0,27.413980726533758,0
Webpage A,0,36.36908738169531,0
Webpage A,0,50.90021401417539,1
Webpage B,1,-1.2721265746346475,0
Webpage A,0,64.61588530478511,0
Webpage A,0,-1.6440635314416951,0
Webpage B,0,27.225333258445232,0
Webpage B,1,62.817546615210276,0
Webpage A,0,48.93998025224158,0
Webpage A,1,44.578079333588455,0
Webpage B,1,-6.41299024332568,0
Webpage A,0,9.486383620514022,0
Webpage A,0,50.194353588150065,0
Webpage B,0,-9.5876084355816,0
Webpage A,0,44.107457878202275,0
Webpage B,0,65.07636105273836,0
Webpage A,0,32.668056757446365,1
Webpage A,0,60.521565986370355,1
Webpage B,1,38.388159552268185,0
Webpage A,0,46.65731632423256,0
Webpage A,1,5.72214936593447,0
Webpage A,0,32.695161953126274,0
Webpage B,0,67.36105978067836,1
Webpage B,0,-12.425234871806452,0
Webpage B,0,40.002165596893846,0
Webpage A,0,58.002610031187515,0
Webpage A,0,44.368584388615965,0
Webpage B,0,63.360407393659216,0
Webpage B,0,5.530573912084336,1
Webpage A,0,36.63957393484258,0
Webpage A,0,3.242819100384512,1
Webpage A,1,21.043361729599113,0
Webpage A,0,61.404445527985104,1
Webpage A,0,35.41957713536124,1
Webpage B,1,32.94778219015624,0
Webpage A,0,16.265399359256456,1
Webpage A,1,28.490493982466727,1
Webpage A,0,57.62790714832251,0
Webpage B,0,41.47969854774273,1
Webpage B,0,45.91468643526749,0
Webpage B,0,52.545945354120626,0
Webpage B,1,32.039627355091305,0
Webpage B,1,44.837135312102276,0
Webpage B,1,-18.484827897445854,0
Webpage A,0,50.23563032351798,0
Webpage B,0,17.902631680887332,0
Webpage B,1,50.01568730166433,0
Webpage B,0,28.047465203567977,0
Webpage B,0,21.962056824470086,0
Webpage B,0,34.747566380028466,0
Webpage A,0,31.110134139672148,0
Webpage B,1,21.43630394894226,1
Webpage B,1,26.338339135553458,0
Webpage A,0,17.857426362828072,0
Webpage B,0,82.15970280467658,0
Webpage B,0,25.964985846014315,0
Webpage A,1,71.8247707936339,0
Webpage B,0,52.69025638143431,0
Webpage B,0,38.10297205813645,0
Webpage A,1,33.59430613807942,0
Webpage A,0,31.380639240047543,1
Webpage B,0,7.622153580263465,0
Webpage A,0,-13.630618843877848,0
Webpage B,0,-13.431016187239777,0
Webpage B,1,26.177129453715555,0
Webpage B,1,47.45649185538872,0
Webpage B,0,44.17520256820855,1
Webpage A,0,28.956775429800835,0
Webpage B,0,49.34013560212783,1
Webpage B,0,77.28101346319781,1
Webpage A,1,40.601492505575436,1
Webpage A,0,2.61473383753075,0
Webpage B,1,39.28638186139154,0
Webpage B,0,14.497421205840817,1
Webpage A,0,-15.165140457793683,1
Webpage B,0,64.59882168440237,1
Webpage B,0,81.4317796105999,1
Webpage B,1,23.780922246927698,0
Webpage A,0,4.812426412202608,0
Webpage A,1,35.691370699142354,0
Webpage B,0,31.45291565822848,0
Webpage A,0,-18.902329608718176,1
Webpage B,0,63.369282381005185,0
Webpage B,1,47.784688002431636,0
Webpage B,1,92.04877099845955,0
Webpage B,0,43.51551354511455,1
Webpage A,0,7.108672516697112,0
Webpage A,0,26.446708285731415,0
Webpage A,0,1.8024479794246488,0
Webpage A,0,11.205019720370753,1
Webpage A,0,-28.069494177983714,0
Webpage B,0,-10.962484640733024,0
Webpage B,0,16.91711015588511,1
Webpage A,1,19.98095938071662,0
Webpage A,0,-20.112397211004236,0
Webpage B,0,21.28386905073381,1
Webpage A,0,30.77651423439446,0
Webpage B,0,37.323058219424645,0
Webpage B,0,42.62556383859743,0
Webpage A,0,34.51970963918194,0
Webpage B,1,31.028282678891774,1
Webpage A,0,24.322836882477475,1
Webpage A,1,21.795213981894477,0
Webpage A,1,28.330292513696847,0
Webpage A,0,66.80194467806601,1
Webpage B,0,55.5580835427889,0
Webpage A,0,12.691413660493602,1
Webpage B,0,-1.9082769157253594,0
Webpage B,1,53.32945505297575,0
Webpage A,0,19.040477000218573,1
Webpage B,1,70.67828777116706,0
Webpage B,1,27.813126399858174,0
Webpage A,0,30.50437145674487,0
Webpage A,0,31.238553133421345,1
Webpage B,0,38.298528101101965,0
Webpage A,0,46.800743506071534,1
Webpage A,0,42.086302126915854,1
Webpage A,1,33.63578597517601,1
Webpage A,0,32.06836760450269,1
Webpage B,0,14.597855556226264,1
Webpage A,0,68.40943439306824,1
Webpage A,1,47.054311929611615,0
Webpage B,0,-4.165919293329324,0
Webpage B,0,-11.607592574980806,0
Webpage B,0,28.56278620905573,0
Webpage A,0,18.93337861120628,1
Webpage A,0,8.520010513776427,0
Webpage B,0,82.23340958084644,1
Webpage A,0,89.43232655721704,0
Webpage A,0,-3.657492835116855,1
Webpage A,1,49.863306428950864,0
Webpage B,0,9.279735596007939,0
Webpage A,0,13.950309828229141,0
Webpage A,1,22.76186226365633,0
Webpage A,0,-10.049473147836949,1
Webpage B,0,30.54134118829285,0
Webpage A,0,20.89685956592496,0
Webpage A,0,65.6084685563749,0
Webpage B,0,60.258114348744904,0
Webpage B,0,15.831038729060777,0
Webpage A,1,36.24935715876236,1
Webpage A,0,13.010892696548453,1
Webpage B,0,19.440153444116845,0
Webpage B,1,19.735456263505924,0
Webpage A,0,8.648796224686908,0
Webpage B,0,75.69149559254438,0
Webpage B,1,42.02120666239671,0
Webpage B,0,44.99631702992749,0
Webpage A,1,23.992798868781602,0
Webpage B,0,14.492979797889564,0
Webpage B,0,49.621847321042765,0
Webpage B,0,-12.107873906146509,0
Webpage B,0,58.98030464859895,0
Webpage A,0,12.886143242741582,0
Webpage B,0,63.796180218136456,0
Webpage B,0,9.640066753430077,1
Webpage B,1,26.850414776201777,1
Webpage A,0,60.04894229600481,1
Webpage A,1,37.751626381828466,1
Webpage A,0,8.283718239394119,0
Webpage A,0,43.61611395956775,1
Webpage B,0,42.77891806895424,0
Webpage B,0,11.72568107309128,0
Webpage A,0,57.42313463065226,1
Webpage A,0,28.487947798621185,0
Webpage A,1,40.57132827878323,1
Webpage B,0,25.0858911845494,1
Webpage B,0,38.014459809412045,0
Webpage B,1,59.09695157715482,1
Webpage A,1,3.4031592532605544,0
Webpage A,1,9.709617229731982,0
Webpage B,0,-6.716758794508856,1
Webpage B,0,68.63656428220531,1
Webpage B,0,10.849565742590848,0
Webpage B,0,31.026088433546015,0
Webpage B,0,23.114082983354074,1
Webpage A,0,5.160210608867985,1
Webpage B,0,9.24389444864418,1
Webpage A,0,13.880440203409059,1
Webpage A,0,26.619460315677358,0
Webpage A,0,-3.9105320268301824,0
Webpage A,0,19.77908919755968,0
Webpage A,0,34.516343043483886,0
Webpage B,0,43.95945214962984,1
Webpage B,0,4.745736188024868,0
Webpage B,0,28.226046162650682,0
Webpage B,0,73.03039002115324,0
Webpage A,0,37.80367262783018,1
Webpage A,0,50.509047251419595,1
Webpage B,0,-0.8077031646936135,0
Webpage B,1,34.72068463259923,0
Webpage B,0,2.1539237912224323,0
Webpage B,0,7.183183524720558,1
Webpage B,0,2.216953431622052,0
Webpage B,0,39.895820828625446,1
Webpage A,1,56.91685431870151,1
Webpage A,1,1.539781284251152,0
Webpage A,0,24.689342557994877,0
Webpage B,0,92.86855605794277,0
Webpage A,0,35.860098619986104,0
Webpage A,0,13.965258995452043,0
Webpage B,0,13.10683825124562,0
Webpage A,0,6.208102749003803,0
Webpage A,0,39.480340457924896,0
Webpage A,0,30.730897502162467,0
Webpage B,1,86.67530653875475,0
Webpage B,0,-11.136319091228557,1
Webpage B,0,-6.039952338539983,0
Webpage B,1,3.367154155483,0
Webpage A,0,50.17063777103046,0
Webpage B,1,17.546260647402804,0
Webpage B,0,23.07212110897106,0
Webpage B,1,14.668804862186418,1
Webpage A,0,79.19815142610526,0
Webpage B,0,43.01768541029809,0
Webpage B,0,31.556051331892306,0
Webpage A,0,7.71566921944833,0
Webpage B,0,41.22371118824633,0
Webpage A,0,55.835093030369094,0
Webpage B,1,-5.236602201182663,1
Webpage B,1,37.051264444847895,1
Webpage B,0,12.15179632940767,1
Webpage B,0,96.65691967431559,1
Webpage A,0,14.768403983736565,0
Webpage B,0,11.070971506198571,0
Webpage B,0,3.630685762790719,0
Webpage A,0,-8.528816736535376,0
Webpage A,1,54.31913047652707,1
Webpage B,0,71.19420754864483,0
Webpage A,0,29.40655176925288,0
Webpage B,0,66.77263527645084,0
Webpage A,0,19.061268944025134,0
Webpage A,0,24.460557494774424,0
Webpage A,0,10.776363090841908,0
Webpage A,1,20.897781806523227,0
Webpage A,1,46.65585563802431,1
Webpage A,0,69.81620810693187,1
Webpage A,0,12.61809449725272,0
Webpage A,0,45.7653052325912,1
Webpage B,0,2.5743870282284718,1
Webpage A,0,11.683843698317261,0
Webpage A,0,-7.324568571042072,0
Webpage A,0,56.23632125474104,1
Webpage A,0,69.91189675121099,0
Webpage B,0,16.63879872765252,0
Webpage A,0,-7.863651379596966,0
Webpage B,1,55.266167678919544,1
Webpage A,1,58.691320744540064,1
Webpage B,0,52.57542248714935,1
Webpage B,1,58.34916627250131,0
Webpage A,1,54.40175439129461,0
Webpage B,0,35.285317931518435,1
Webpage A,0,48.993772388935426,1
Webpage A,0,52.13680119177381,0
Webpage B,1,42.34055951123414,0
Webpage B,0,62.05174133347961,0
Webpage A,1,19.991086170646163,0
Webpage B,0,7.529059804164724,0
Webpage A,1,-0.28326678926875815,0
Webpage A,0,34.23806675378395,0
Webpage B,1,-25.063351534282788,0
Webpage B,1,36.68882520937145,0
Webpage B,0,49.030685495932985,1
Webpage B,0,21.09844554734827,1
Webpage A,0,16.12431712879589,0
Webpage B,0,62.83766813923501,0
Webpage A,0,49.05462014799411,0
Webpage B,0,44.39492289098662,0
Webpage A,0,8.603955947381706,0
Webpage A,0,8.626275785905477,0
Webpage B,0,64.17490276744628,0
Webpage A,0,54.05615229398397,0
Webpage B,0,5.345034474849932,1
Webpage A,0,-5.500741123697338,1
Webpage A,0,22.195123193469556,0
Webpage A,1,17.640255200650515,0
Webpage B,1,18.371317905142128,1
Webpage A,0,21.168331368541956,0
Webpage B,0,37.485514944425596,0
Webpage B,0,-2.240966512501039,0
Webpage B,0,16.034839801710977,0
Webpage A,0,33.25870108740176,1
Webpage B,0,12.794434349692093,0
Webpage B,0,7.799495402036214,0
Webpage B,0,-5.4857166983390115,1
Webpage B,0,56.288937609079525,0
Webpage B,0,24.4167187374849,0
Webpage A,0,22.459372314399808,1
Webpage A,0,18.641309875620404,1
Webpage B,0,61.87785294331763,0
Webpage B,1,12.886102245892083,1
Webpage A,0,20.83038440321529,1
Webpage B,1,-12.109983937549039,0
Webpage A,0,70.86728462993906,0
Webpage A,1,75.86622613546554,1
Webpage A,0,34.589448497748556,1
Webpage B,0,19.44160409359672,1
Webpage A,0,14.038288612356904,1
Webpage A,0,4.89244817275312,1
Webpage B,0,24.03997312727724,0
Webpage B,1,7.595745460104862,1
Webpage B,0,16.11312186840169,0
Webpage B,0,0.5649241758485815,1
Webpage A,1,34.772616605512084,1
Webpage B,0,6.101235809678677,1
Webpage A,1,21.420493348609906,0
Webpage A,0,33.86699041470468,0
Webpage A,0,8.860082985668441,0
Webpage B,0,66.3015177743714,0
Webpage A,0,56.73790963547755,0
Webpage A,1,31.898244045944626,1
Webpage A,1,33.397098662550846,0
Webpage A,0,29.548682059719663,0
Webpage A,0,13.096116638089288,0
Webpage B,0,36.37426151165833,1
Webpage B,1,-27.503184487713966,0
Webpage B,1,58.96450302854532,1
Webpage B,0,1.7927610895005728,1
Webpage A,0,25.98639692406567,0
Webpage A,0,23.86353019922443,0
Webpage B,1,35.71832073557919,0
Webpage A,0,41.04932688161313,0
Webpage B,1,38.29356807073978,0
Webpage A,0,14.629414693279578,0
Webpage B,1,8.087343157098971,1
Webpage B,0,17.650458063107372,0
Webpage B,0,17.235037769658422,0
Webpage A,0,80.09441232252647,0
Webpage A,0,27.846455457416823,0
Webpage B,1,36.929779850093574,0
Webpage B,0,5.927084765963009,0
Webpage B,1,38.103940760471254,1
Webpage A,1,11.36875766164782,1
Webpage B,0,41.04278983917382,0
Webpage B,1,6.593508268028547,0
Webpage B,0,45.33869356446897,0
Webpage B,1,46.001958478403594,0
Webpage B,0,35.180028317724044,0
Webpage B,0,46.97339920436993,0
Webpage B,0,16.375884995317506,0
Webpage B,0,54.478524036580865,0
Webpage B,1,32.66055550147703,1
Webpage A,0,39.823910852232174,0
Webpage B,0,-35.17287658042176,0
Webpage B,0,0.007085833512832096,0
Webpage A,0,54.068479075670076,0
Webpage B,1,45.611608897177796,0
Webpage A,1,37.74923445508895,1
Webpage A,0,33.39375094537411,0
Webpage B,0,54.556125996662665,0
Webpage A,0,0.7920212439407024,0
Webpage A,1,69.29606046641828,0
Webpage A,0,45.90384442924809,0
Webpage B,1,3.1210768846489714,0
Webpage B,1,38.72990891543302,1
Webpage B,1,32.84210538218765,1
Webpage A,0,48.25568187078332,1
Webpage A,1,43.18524038589864,0
Webpage B,0,63.69544654358711,1
Webpage A,1,41.56320813634263,0
Webpage A,0,36.97896946451251,0
Webpage B,1,-1.927539563182794,0
Webpage A,0,20.967539240146714,1
Webpage B,1,64.82783892267167,0
Webpage A,1,54.91736898239661,0
Webpage B,1,21.359252899122737,0
Webpage A,0,4.967102941271719,0
Webpage A,0,38.238142341498175,1
Webpage A,0,31.839379229813844,1
Webpage B,0,57.46864993991147,0
Webpage A,1,9.132705829984662,1
Webpage A,1,44.25532867338576,0
Webpage A,1,22.867297815810964,0
Webpage A,0,16.44850471082546,0
Webpage A,1,24.523473538099513,1
Webpage A,1,19.09741984618521,0
Webpage A,1,12.633682813804224,0
Webpage A,0,14.931111474389045,0
Webpage B,0,31.08703006903526,0
Webpage B,0,28.606500744230704,0
Webpage B,1,-6.944417997212014,0
Webpage A,0,-0.36253631835632305,0
Webpage A,0,30.69561261701302,1
Webpage B,0,26.1922566016731,0
Webpage A,1,9.588426126911557,1
Webpage A,0,48.2268709284848,1
Webpage A,0,7.0432759927494,0
Webpage A,0,23.71980089794136,0
Webpage A,0,33.511831211932076,0
Webpage B,0,49.91184661999789,1
Webpage A,0,21.337391597108066,0
Webpage A,0,35.25506814443921,0
Webpage A,0,15.662539046947904,1
Webpage B,1,23.616160624022218,0
Webpage A,0,-28.51907444274272,1
Webpage A,0,27.177321770211282,0
Webpage B,1,10.779524848230416,0
Webpage A,0,23.451060052624765,0
Webpage B,0,18.29515303182898,0
Webpage A,0,40.66865257879064,1
Webpage B,0,47.41552631162908,1
Webpage B,0,12.004177657726046,0
Webpage A,0,30.224296175263966,0
Webpage B,0,10.415481137410403,0
Webpage B,1,81.88722742346286,0
Webpage B,0,-22.17306300207889,0
Webpage B,0,-3.7256557289401684,0
Webpage A,1,17.46295582108884,0
Webpage B,1,37.21421013299743,1
Webpage A,0,45.0633949821233,0
Webpage A,0,8.192106278547591,0
Webpage A,0,41.03709229484119,1
Webpage A,0,27.81970202444884,0
Webpage A,0,66.05981061453188,0
Webpage A,0,57.43059251834056,1
Webpage B,0,-6.284888366480395,1
Webpage B,0,-15.535504548652241,1
Webpage B,0,-14.90037297931704,1
Webpage A,0,25.71666885583111,0
Webpage A,1,64.19104466773337,1
Webpage B,1,40.962940408800826,0
Webpage B,0,2.4471846331305045,1
Webpage B,1,-18.41277072080709,0
Webpage B,0,-2.278236055313897,0
Webpage B,0,54.39472133768497,0
Webpage B,1,17.618730556414377,1
Webpage B,0,36.877492152519594,0
Webpage A,0,18.95400722434836,0
Webpage B,1,44.094243176911235,0
Webpage B,0,26.621798409802906,0
Webpage A,0,31.39633361839285,0
Webpage B,0,45.596200362878925,0
Webpage B,0,57.385398056799644,1
Webpage B,0,9.636502630978839,0
Webpage B,0,22.448436666229767,0
Webpage B,0,48.39251356638854,1
Webpage B,0,8.75957378546417,1
Webpage B,1,22.03263890407905,0
Webpage B,0,18.29887084008977,0
Webpage A,0,30.798338652496092,0
Webpage B,0,-13.766013966062445,0
Webpage B,0,32.534578973784534,1
Webpage B,1,23.445924952232083,0
Webpage A,0,22.744447385091384,0
Webpage B,0,48.360830725339596,0
Webpage B,0,3.179817425393253,0
Webpage B,0,31.8025062196303,0
Webpage A,1,6.398983458938563,1
Webpage A,1,55.473106447780935,1
Webpage A,0,23.98311956007265,0
Webpage A,0,20.062180482005008,0
Webpage A,0,23.242334874053192,0
Webpage B,0,36.16043980974162,1
Webpage A,0,17.7672078207046,0
Webpage A,1,31.90087246816124,1
Webpage A,0,1.4253781500556286,0
Webpage A,1,46.22847236921071,1
Webpage A,0,21.46126423810177,0
Webpage B,0,65.27658211715467,1
Webpage B,1,41.22135513564644,0
Webpage A,0,17.16411703061496,1
Webpage B,0,35.796274868413406,1
Webpage B,0,40.57461433002253,1
Webpage A,1,10.45026304572906,1
Webpage B,0,29.799611992752165,1
Webpage B,1,-13.133547972127857,0
Webpage B,1,36.079571322816136,1
Webpage A,0,34.33902559834179,0
Webpage B,0,4.37803483161451,0
Webpage B,0,53.91388432620187,0
Webpage A,0,51.70962928563822,0
Webpage B,0,10.889341120684904,0
Webpage B,0,17.92101489705226,1
Webpage B,0,21.204398603802787,0
Webpage B,0,-17.77632401677502,1
Webpage B,0,59.57774364208386,0
Webpage A,1,18.881112328976435,1
Webpage B,1,19.22035818034071,1
Webpage A,0,38.24162278198263,1
Webpage B,1,22.12853120260853,0
Webpage A,0,65.9218145570016,0
Webpage A,1,9.293883051100241,1
Webpage A,0,26.782664688012037,0
Webpage B,1,18.806001439399157,1
Webpage B,1,52.442901938193664,1
Webpage B,1,59.18969848680826,1
Webpage A,1,15.856694513512023,0
Webpage A,0,44.92969842181042,1
Webpage A,0,52.05185505733129,1
Webpage B,1,19.473693319519846,0
Webpage B,1,14.512834433609974,1
Webpage B,0,21.915116577674098,0
Webpage B,0,83.60286098689373,1
Webpage A,1,21.405835007940894,1
Webpage B,0,11.513021487549953,0
Webpage B,0,61.528414689972415,0
Webpage B,1,19.053626124624163,1
Webpage A,1,14.245519377847135,0
Webpage A,1,52.86512083956369,1
Webpage A,0,30.876834729126735,0
Webpage A,1,50.13528102098533,1
Webpage B,0,5.64529214372401,1
Webpage A,0,16.042141713836173,1
Webpage B,1,15.379008387883497,0
Webpage B,0,42.4439076188753,0
Webpage A,0,30.834513754889986,0
Webpage B,0,-39.592601584620155,0
Webpage B,1,31.361133292317913,0
Webpage B,0,16.87564254876811,0
Webpage B,0,71.12775650447364,0
Webpage A,0,34.05543730823889,1
Webpage A,0,-9.043146397804975,0
Webpage A,0,40.33990545303763,0
Webpage A,0,21.430790384761888,0
Webpage B,1,52.75585308659945,0
Webpage A,0,57.169955690592715,0
Webpage B,0,-18.930915237738247,0
Webpage B,0,24.92030039960624,0
Webpage B,0,23.80112272356527,0
Webpage B,0,49.70530721668012,0
Webpage A,1,31.179511395103063,1
Webpage B,0,66.77103023008078,0
Webpage B,1,33.089219366010376,0
Webpage A,0,38.046640588815265,1
Webpage B,0,32.965557062767296,0
Webpage A,0,57.602478233801506,1
Webpage B,1,87.83950614387105,1
Webpage B,0,50.75438498986564,0
Webpage B,0,96.60102511309775,0
Webpage B,0,24.3950470501109,0
Webpage B,0,34.562848551460334,0
Webpage A,0,-3.5277921050637886,1
Webpage A,0,32.1822250397527,0
Webpage A,0,22.819686081018315,1
Webpage A,0,36.70358013794383,1
Webpage B,0,74.09417506559339,0
Webpage A,0,37.532217239471414,0
Webpage A,1,10.222584807944735,1
Webpage A,0,66.8621074994283,0
Webpage A,1,55.49413190200649,1
Webpage A,0,40.65509395925857,0
Webpage B,0,-15.639289524548161,0
Webpage B,0,-7.586160096154444,0
Webpage B,0,13.817546851354344,0
Webpage A,0,16.634945239723358,0
Webpage A,0,-8.87838445589307,1
Webpage B,0,12.918098194342935,1
Webpage A,0,69.9371304512214,0
Webpage B,1,41.67531166835009,0
Webpage A,1,56.782944395457946,1
Webpage B,0,46.81605539773094,0
Webpage B,0,48.73722315076732,0
Webpage B,1,-1.1352095359226908,1
Webpage A,0,34.18060301706531,0
Webpage A,0,28.833581955622307,0
Webpage A,0,22.657063337773117,1
Webpage B,1,-10.967886979333727,0
Webpage A,0,9.734048896519486,0
Webpage A,0,-4.402051317432466,0
Webpage A,0,58.479820545595295,0
Webpage B,0,25.806009166294025,1
Webpage A,0,0.628549882408663,0
Webpage B,0,-16.18058422865211,0
Webpage A,0,51.61470404351144,1
Webpage A,0,13.642749096944296,0
Webpage A,0,-2.217519891300533,0
Webpage B,0,24.5464732958507,1
Webpage A,1,19.103554253230943,0
Webpage A,0,2.2247165271879403,1
Webpage B,0,39.75250138798498,1
Webpage B,0,22.821235439967165,1
Webpage B,1,57.465204310686545,1
Webpage B,0,-9.798820472829412,1
Webpage B,0,16.172556368331925,0
Webpage B,1,10.029350044668629,0
Webpage B,1,12.020240488945362,0
Webpage B,0,11.930745453089958,0
Webpage B,1,41.74286709213942,1
Webpage B,1,45.4209667934644,0
Webpage B,0,68.50258182954252,0
Webpage A,0,63.627602845146825,1
Webpage B,0,29.37947629105609,1
Webpage A,0,23.896151795228036,0
Webpage A,1,22.516368653957134,1
Webpage B,1,63.308062107483664,0
Webpage B,0,14.789330949004011,1
Webpage A,0,25.655034221474047,0
Webpage B,0,39.403888872767894,0
Webpage A,0,8.893083686614073,0
Webpage A,0,28.829952286948036,0
Webpage B,1,4.014750665751997,0
Webpage A,0,31.86359938488159,0
Webpage B,0,-21.023531884439066,1
Webpage A,0,23.171886427069584,1
Webpage B,0,19.72384706538339,0
Webpage B,0,6.834941600157144,0
Webpage B,1,30.168261113633104,1
Webpage A,1,42.092077563288505,1
Webpage B,1,55.64131780664055,0
Webpage A,0,27.83813356245092,1
Webpage A,0,48.33411587014973,1
Webpage A,0,12.524078388304119,1
Webpage A,0,55.97061591575492,0
Webpage B,0,32.29856537030217,0
Webpage A,0,17.750455848092365,0
Webpage B,0,4.9382453315483446,1
Webpage A,1,9.807782099429915,0
Webpage B,0,31.57299773321449,0
Webpage B,0,-21.71142868331995,1
Webpage B,0,34.808304880699964,1
Webpage A,0,2.7879172118183924,0
Webpage B,1,70.96010862794441,0
Webpage A,0,70.07794985821064,0
Webpage B,0,31.92837916783455,1
Webpage A,1,36.81430263308842,1
Webpage A,0,5.044473831378653,0
Webpage A,0,27.496000427211417,0
Webpage A,0,32.77411550145542,0
Webpage A,1,32.83972757804927,1
Webpage B,0,26.18259529428175,0
Webpage A,0,30.767003289289768,1
Webpage B,0,28.010026669951188,0
Webpage B,0,29.72285750788393,0
Webpage A,0,43.32183820145357,0
Webpage B,0,38.52774592180615,0
Webpage B,0,52.60957872346555,0
Webpage B,0,88.29564614299689,0
Webpage A,0,38.572909364795834,0
Webpage A,0,38.256160988703265,0
Webpage A,0,45.38989052057825,0
Webpage B,1,54.60059612345607,1
Webpage B,1,29.759973782673377,0
Webpage B,0,20.785249151435067,0
Webpage B,1,43.479364846583024,0
Webpage B,0,20.200696289792994,0
Webpage B,0,23.04086462405617,0
Webpage B,1,5.713527586072697,0
Webpage A,0,29.71548499092126,1
Webpage A,1,52.72327348754098,0
Webpage A,1,38.07482718804133,1
Webpage B,0,30.430871525235,1
Webpage A,0,31.93333984217957,1
Webpage B,1,23.87354587944273,1
Webpage A,0,50.98316506523938,0
Webpage A,1,22.352539026866523,0
Webpage B,0,20.94548417749236,0
Webpage B,0,32.60456379714734,0
Webpage A,0,58.50382772439229,0
Webpage A,0,14.082489285708748,1
Webpage A,1,77.07375472556396,0
Webpage B,0,50.070111938939746,0
Webpage B,0,54.059794930251584,1
Webpage A,0,25.454162344903338,0
Webpage A,0,44.28542352442751,1
Webpage A,0,6.718099896064366,0
Webpage B,1,51.87070730914573,0
Webpage B,1,0.9408252720668386,1
Webpage A,1,23.878222099967267,0
Webpage B,1,42.16821268206864,0
Webpage A,1,35.084579675955204,1
Webpage A,0,22.73713264197597,1
Webpage A,0,29.088215728241764,1
Webpage B,0,32.849296314741856,0
Webpage A,0,73.46826480022071,1
Webpage B,1,31.746989691736733,0
Webpage B,0,47.643253641359316,1
Webpage B,1,-44.25059895320172,0
Webpage A,0,16.36910091315346,1
Webpage B,0,34.533196689275,0
Webpage A,0,14.686959746048409,0
Webpage B,0,3.296479415552888,0
Webpage B,0,39.40835419510836,0
Webpage A,0,0.7988047109888434,0
Webpage A,0,46.74821273225189,0
Webpage B,0,35.13335153451479,0
Webpage A,0,26.569700416627313,0
Webpage B,0,21.297606219715426,0
Webpage A,0,53.48720764599115,1
Webpage A,0,17.60317397808423,0
Webpage B,0,59.314305340083315,0
Webpage A,1,14.41504869214609,0
Webpage A,0,43.394979729827014,0
Webpage A,0,90.49499477711193,0
Webpage A,0,36.19117489788309,0
Webpage A,1,26.379235655394368,1
Webpage A,0,31.012599444143476,1
Webpage A,0,34.39263202664599,0
Webpage A,1,52.00927241381368,0
Webpage B,0,60.20122798212571,0
Webpage B,1,32.08438126448314,0
Webpage B,1,82.48561041332611,0
Webpage B,1,43.056015878034515,0
Webpage A,0,31.081550795181208,1
Webpage B,0,-0.1320275770211623,0
Webpage B,0,38.01228577116435,0
Webpage A,0,-15.797339548830756,0
Webpage B,1,37.82773975317384,1
Webpage A,0,36.30012538628969,0
Webpage B,1,-12.88611304620673,0
Webpage A,0,12.574148969538722,0
Webpage A,0,9.11580925122837,1
Webpage B,1,24.85475109686154,1
Webpage A,0,46.71065018636058,1
Webpage B,0,50.64421623709126,1
Webpage A,0,18.630530178238615,1
Webpage B,0,46.77794949661473,1
Webpage A,0,51.10954724098077,0
Webpage B,1,10.825662251708486,1
Webpage A,0,36.81568299279464,0
Webpage B,0,53.87975939818169,1
Webpage A,0,26.2258256451124,1
Webpage B,0,53.57073106092606,0
Webpage A,1,-18.675664330057984,0
Webpage B,1,17.260748266902162,0
Webpage B,0,34.624599020160844,0
Webpage B,0,33.824084323778884,1
Webpage A,0,38.98225885292238,0
Webpage B,0,36.73221908750276,0
Webpage A,0,36.31095880825994,0
Webpage A,1,33.80233638814803,0
Webpage A,0,23.438147442113834,1
Webpage B,0,7.846333742591568,0
Webpage A,1,30.062827796385957,0
Webpage A,0,31.898073793605977,0
Webpage B,0,41.259928264910876,1
Webpage B,1,75.88116601489402,0
Webpage B,0,57.936801016000324,0
Webpage A,1,25.403443011922146,0
Webpage B,0,79.41760622229901,1
Webpage B,1,14.714786234204064,0
Webpage A,0,5.857239163834077,0
Webpage A,0,32.543822002000226,1
Webpage A,0,3.670970213600558,0
Webpage A,1,59.77906277506157,1
Webpage A,0,51.861586106092524,1
Webpage B,0,17.093768059356545,0
Webpage A,1,12.857769252450243,0
Webpage B,1,43.540602464084415,0
Webpage B,1,12.061495384120846,0
Webpage A,0,61.80354772923411,0
Webpage B,0,6.874000691523083,1
Webpage A,1,24.74561678836931,1
Webpage A,0,-4.095950976159472,0
Webpage A,0,21.405821128562607,0
Webpage B,0,-6.338573159666112,1
Webpage B,1,55.860395714529915,0
Webpage A,1,43.52735733186439,0
Webpage B,0,-7.590588807033832,0
Webpage B,0,21.94230471047038,0
Webpage B,0,14.591401417637979,0
Webpage B,0,-5.099977789054037,1
Webpage B,1,47.558750002522025,0
Webpage A,0,50.18055882766495,0
Webpage A,1,23.45899386880629,0
Webpage A,1,22.29070059708514,1
Webpage A,0,20.972813658009592,1
Webpage B,0,14.485966233496423,0
Webpage B,0,-4.452178657852549,0
Webpage A,1,-15.195972103295965,0
Webpage A,0,33.151181318256505,1
Webpage B,1,46.11293598072889,0
Webpage A,1,5.564483320515073,0
Webpage B,1,10.494775752041043,0
Webpage B,0,3.3541981690195684,0
Webpage A,0,-20.626037040815234,0
Webpage B,0,48.49636203902326,0
Webpage A,1,44.06356273549355,1
Webpage A,0,55.75538336290677,1
Webpage A,1,34.439579265557605,0
Webpage B,0,36.549066974219876,0
Webpage B,0,46.830780051962186,1
Webpage A,1,12.084053902406698,0
Webpage A,1,2.6777855758778983,0
Webpage A,0,35.69312024379849,1
Webpage A,0,-4.486134255319932,0
Webpage B,1,56.5153748352084,1
Webpage B,1,-7.989123425711043,1
Webpage A,0,15.104387677798448,0
Webpage A,1,23.407915211767616,0
Webpage A,1,44.392429768197815,0
Webpage B,0,36.01793748927573,0
Webpage B,0,-4.9761821060235505,1
Webpage B,0,11.644294327077851,0
Webpage A,0,44.38200488962353,0
Webpage A,0,9.263112066110299,0
Webpage A,0,2.23544078010881,0
Webpage A,1,34.069360481696954,1
Webpage B,0,43.94208481243466,1
Webpage A,1,44.380995343267294,1
Webpage B,0,4.5812107556618535,0
Webpage B,0,49.04274434320099,0
Webpage A,0,49.64775262094882,0
Webpage B,1,37.09990609680604,0
Webpage B,0,56.631339055069475,1
Webpage A,0,15.480075301246245,0
Webpage B,0,1.6652831779223405,0
Webpage A,0,42.25441981740605,0
Webpage A,0,46.66315052764696,0
Webpage B,1,4.585612475254788,0
Webpage A,0,19.711526096548496,1
Webpage A,0,47.11812826128491,1
Webpage B,1,22.351994309262274,1
Webpage B,1,26.953410763297164,0
Webpage B,0,21.2369174646572,0
Webpage A,0,50.73470304526268,0
Webpage A,0,3.80070974859159,1
Webpage B,1,39.984216396769625,1
Webpage B,0,1.3739476347862691,1
Webpage B,0,12.265573478952128,1
Webpage A,1,4.891266666387608,0
Webpage A,0,-8.292338970573226,1
Webpage B,0,63.14452676573735,0
Webpage B,1,84.27921994656108,0
Webpage A,0,26.588163859369637,0
Webpage B,0,50.06573640850914,0
Webpage B,0,-16.66368354437239,0
Webpage A,1,52.01241534774691,1
Webpage A,0,29.628339894431175,0
Webpage A,1,4.39921912197995,0
Webpage B,0,37.10293879063168,1
Webpage A,0,50.9261875637182,0
Webpage B,1,-19.75412384547468,1
Webpage B,1,30.489350486077623,1
Webpage B,0,61.09349700075379,0
Webpage A,0,29.670545554407454,0
Webpage B,0,24.559072515653803,0
Webpage B,0,75.93058948164901,1
Webpage B,0,-27.16222381914799,1
Webpage B,0,37.14888417833011,0
Webpage A,0,22.206476118345098,0
Webpage A,0,47.76264482456601,0
Webpage B,0,41.795783612115954,0
Webpage B,0,38.77804134383613,1
Webpage B,1,61.83468556574799,1
Webpage A,0,26.101567620668494,0
Webpage A,1,23.220636461683938,1
Webpage B,0,26.313595729528775,0
Webpage A,1,35.795398484951974,0
Webpage A,0,8.015141319868885,1
Webpage A,0,43.244127231553115,0
Webpage B,0,21.613029892342027,0
Webpage B,0,-1.6771442470270301,0
Webpage A,1,14.97538578041756,1
Webpage A,0,31.870863016676257,0
Webpage B,0,48.098256010571696,0
Webpage B,1,9.730711613995453,0
Webpage B,0,49.42104978583481,0
Webpage B,0,26.876225542182414,0
Webpage A,0,36.34940977216759,0
Webpage B,1,76.61643509345868,1
Webpage B,0,37.784465965693954,0
Webpage B,1,54.389193548908686,1
Webpage B,1,0.7241538550462074,1
Webpage A,0,27.02742426869249,0
Webpage A,1,66.14076995644568,0
Webpage B,1,21.660479068827513,0
Webpage B,0,30.574194252312864,0
Webpage A,1,34.3878522323773,0
Webpage B,0,47.55244151674376,0
Webpage B,0,34.03703087755128,1
Webpage B,1,2.8308006535160253,1
Webpage B,0,43.80458055099234,0
Webpage A,1,42.920545646378464,0
Webpage A,0,51.62271838940315,0
Webpage A,0,70.7377764286918,1
Webpage B,0,47.716230249293176,0
Webpage B,0,50.43737072975818,0
Webpage A,0,79.36673343081988,0
Webpage A,0,43.208823916482096,0
Webpage A,0,24.739104560804243,1
Webpage A,0,59.40225760788762,0
Webpage A,0,13.595603735899076,1
Webpage B,1,6.807997374475214,0
Webpage B,1,44.93532974390122,0
Webpage B,0,11.625888454129175,1
Webpage A,0,73.57328351734847,0
Webpage A,1,47.46425199771916,0
Webpage B,0,43.95330711940689,0
Webpage A,0,19.29653078775039,0
Webpage B,0,24.34697514017815,0
Webpage B,0,3.36210725578853,0
Webpage A,0,3.5726269783468325,0
Webpage A,0,48.79048554767839,0
Webpage A,0,19.578548107450725,0
Webpage A,1,14.01718130320852,0
Webpage B,0,16.332165044861647,1
Webpage A,0,5.015426343625229,0
Webpage B,0,35.0858167799315,0
Webpage B,1,25.39418297563968,1
Webpage B,1,66.35752511504558,1
Webpage B,0,-26.019081135334645,0
Webpage B,0,19.04930792450547,1
Webpage A,0,3.6603115455503286,1
Webpage A,0,33.10198962304662,0
Webpage B,0,20.8716967587076,0
Webpage A,1,30.782014106739403,1
Webpage A,0,31.447306227645182,0
Webpage B,1,34.813091571214855,0
Webpage B,0,-3.3869695822537835,0
Webpage A,0,29.07862861689359,0
Webpage A,0,10.449940877308165,0
Webpage B,0,14.949429780107991,0
Webpage A,0,31.817051230511822,0
Webpage B,0,23.781178110070027,1
Webpage B,1,51.787681484682324,0
Webpage A,0,56.142847614156835,0
Webpage A,0,17.918293582765287,1
Webpage B,1,21.37884854469398,1
Webpage B,0,24.26246621995088,0
Webpage A,1,66.87251167730176,1
Webpage B,0,43.98579124072647,0
Webpage B,1,56.67180677210548,1
Webpage A,0,-7.751255362679949,0
Webpage B,1,47.015600237196665,1
Webpage B,0,36.87948002064073,0
Webpage B,0,48.77022583988892,0
Webpage A,0,-9.434061345109463,1
Webpage A,0,56.514049227898575,1
Webpage A,1,62.6415072373792,0
Webpage B,0,20.17010483350571,0
Webpage B,0,-8.573547100724696,1
Webpage A,0,0.012137919765962124,0
Webpage A,0,6.542921926930802,0
Webpage A,0,39.681727356628016,0
Webpage B,0,42.54988958557021,0
Webpage B,0,52.621931821807046,0
Webpage B,1,36.29070980617958,0
Webpage B,0,31.293277671619578,0
Webpage A,0,46.95158692120534,0
Webpage B,1,85.41209373184283,0
Webpage A,0,46.70700647844008,1
Webpage B,0,12.162301618803959,0
Webpage A,0,21.9579805544983,0
Webpage A,1,9.581517888406363,0
Webpage B,0,-13.265889272017453,1
Webpage B,0,-18.5489707316584,1
Webpage B,1,60.80617657376523,0
Webpage A,1,53.38226694206742,1
Webpage A,0,48.79180732610614,0
Webpage A,0,17.711997236608635,0
Webpage A,1,12.256076878638204,0
Webpage A,1,13.799201292245321,0
Webpage A,0,25.836092507942627,0
Webpage B,1,2.1324683958102,0
Webpage A,0,43.852937820987,0
Webpage A,0,13.805293608325904,0
Webpage B,0,22.82911041401455,0
Webpage A,0,23.203942684153624,0
Webpage B,1,19.016508789168814,0
Webpage B,0,29.219916464047184,0
Webpage B,1,23.32183093923473,1
Webpage A,0,-11.659977670495167,0
Webpage B,1,62.922153149632145,1
Webpage A,0,40.0401241600329,1
Webpage A,0,31.066956797924373,0
Webpage B,0,19.309874744855588,0
Webpage A,0,17.725060513006376,0
Webpage B,0,69.94163637717133,0
Webpage A,1,20.781769290258026,0
Webpage A,0,25.421995218583575,0
Webpage A,0,40.20191735312513,1
Webpage A,0,19.94114963577108,1
Webpage B,0,30.699037039938652,0
Webpage A,0,-0.3839926978162751,0
Webpage A,1,10.048703277244044,0
Webpage A,1,19.57704889494842,0
Webpage B,0,1.4511743376741109,0
Webpage B,0,55.86978939298429,0
Webpage B,0,26.427054451952984,0
Webpage B,1,15.180994265879018,1
Webpage B,0,14.92814422707985,0
Webpage B,0,-13.752857435050622,1
Webpage A,1,-1.9102706585708376,0
Webpage B,1,51.95780251896774,0
Webpage B,0,47.877207713626305,1
Webpage A,1,6.966465926185091,1
Webpage B,0,23.46755301030519,0
Webpage B,0,64.9002639037599,0
Webpage B,0,62.22271086011722,0
Webpage A,1,34.927810466525855,0
Webpage B,0,4.846427423205171,1
Webpage A,1,18.96074064816502,0
Webpage A,0,12.3358437160271,0
Webpage A,0,31.69220997349271,0
Webpage A,1,29.06117900697985,0
Webpage B,1,43.96252223015698,0
Webpage A,1,29.96468032482839,0
Webpage A,1,41.10021411346304,1
Webpage A,0,28.8686136353849,0
Webpage B,0,-5.2006529885311465,0
Webpage B,0,42.32610984164755,0
Webpage A,1,42.98746256754918,0
Webpage B,0,8.786539066200469,0
Webpage A,0,24.519970355842336,0
Webpage B,0,3.0609698578608366,0
Webpage A,0,9.73007714496132,0
Webpage A,0,49.41287997883771,1
Webpage A,0,28.42427856015763,1
Webpage A,0,32.47327283976971,0
Webpage A,0,-14.135512664074653,1
Webpage A,0,82.0251292671694,1
Webpage A,0,82.11368678544451,0
Webpage B,0,42.291284986642296,0
Webpage B,0,6.669593796630547,0
Webpage A,0,47.38928201927088,0
Webpage A,0,28.414159450277577,1
Webpage B,0,34.292563181271916,1
Webpage B,0,13.423760101156311,0
Webpage A,0,34.85488278240235,1
Webpage A,0,3.710626007481089,0
Webpage B,1,40.54397417899314,0
Webpage A,1,69.8488967304389,0
Webpage A,0,8.98834080920794,1
Webpage B,1,13.828093614733955,0
Webpage B,0,78.7321455083595,0
Webpage A,0,35.26034358271169,0
Webpage B,0,-47.94285774936873,1
Webpage A,1,53.879625464438725,0
Webpage B,0,35.2108372098696,1
Webpage A,0,29.05915495055617,0
Webpage A,0,31.113953301301407,0
Webpage A,0,25.767071262561927,1
Webpage A,1,-6.407415789598453,0
Webpage A,0,43.01617060553673,0
Webpage A,0,12.431824042768923,0
Webpage A,0,17.39007889579149,1
Webpage A,0,36.71187669625156,1
Webpage A,0,67.17193292255479,1
Webpage A,0,-3.026606595173021,0
Webpage A,0,34.46508042278995,0
Webpage B,0,11.280387322241594,1
Webpage B,1,17.032986599998708,0
Webpage A,0,23.160497004985167,1
Webpage A,0,61.4046331981143,0
Webpage A,0,56.2011979337406,0
Webpage A,0,37.21106778594594,1
Webpage A,0,41.69798760352888,0
Webpage B,0,51.41796092624115,0
Webpage B,0,19.833187331791557,0
Webpage B,0,32.79717510704956,0
Webpage A,0,26.177347534956816,0
Webpage A,0,0.6979665824859609,0
Webpage B,1,29.32243889418828,0
Webpage B,1,16.450338787146908,0
Webpage A,0,51.005701411158824,1
Webpage A,0,-6.70807418979436,0
Webpage B,0,52.38488372077201,0
Webpage B,0,9.04491913252956,1
Webpage A,0,11.055988636461656,1
Webpage A,0,33.93566703348346,0
Webpage B,0,19.225404499884593,0
Webpage B,1,42.92078346787446,0
Webpage B,0,15.449013928313127,1
Webpage A,0,34.97858105041746,0
Webpage B,0,4.155658104710618,1
Webpage A,0,19.210692973475858,0
Webpage A,0,36.87427266980613,0
Webpage A,0,26.122632876539697,1
Webpage A,0,-7.405444461421467,0
Webpage B,0,-34.39162019232654,1
Webpage A,0,76.8469608992798,0
Webpage B,1,24.593087552120785,1
Webpage A,0,23.83418837878614,1
Webpage B,0,25.20542625067496,0
Webpage A,0,25.168232250448025,0
Webpage B,1,72.4386440944181,0
Webpage B,0,27.13884855955918,1
Webpage A,0,24.038606651091463,0
Webpage B,0,55.236911316535505,0
Webpage A,0,46.300792282458445,0
Webpage A,0,38.14540359205202,1
Webpage A,0,8.316310577967752,0
Webpage A,0,39.74923509551158,1
Webpage B,0,35.903433492692486,1
Webpage B,0,1.9759187924430925,0
Webpage A,0,18.982993991244832,1
Webpage A,0,63.62258000087989,1
Webpage A,0,40.07998048846119,1
Webpage B,0,8.616565534621024,0
Webpage B,0,22.317212633713307,1
Webpage B,0,33.358567782662966,0
Webpage B,1,48.66380071383416,0
Webpage A,0,22.202198886022718,1
Webpage A,0,22.07419545891414,0
Webpage B,0,-9.731286914511223,0
Webpage A,1,49.05917380552437,1
Webpage B,0,-22.268145816983477,1
Webpage A,0,38.62503202254247,0
Webpage B,0,35.138478154530716,0
Webpage A,0,42.153758707796875,1
Webpage A,0,12.733327924934407,0
Webpage B,1,38.89889006084627,0
Webpage B,0,35.6220234356884,1
Webpage A,0,13.593327797204218,1
Webpage B,0,4.688127707023789,0
Webpage A,0,78.33223791266693,0
Webpage A,1,-19.9478780645673,1
Webpage A,0,45.42056220167328,0
Webpage B,1,31.554189388124996,0
Webpage B,0,7.667466515507339,1
Webpage A,1,57.63193781818387,0
Webpage B,1,16.620785541566256,0
Webpage A,0,11.032503532804423,1
Webpage A,0,38.77351536839211,0
Webpage B,0,34.16563658913337,0
Webpage B,0,26.119344398901898,0
Webpage A,0,32.83630008740869,0
Webpage B,0,-16.71875087793373,0
Webpage B,0,43.41255130286291,0
Webpage A,0,51.87357994554503,1
Webpage B,0,7.529148382730909,0
Webpage B,0,14.271433203756759,0
Webpage A,0,23.142185581810327,1
Webpage B,1,2.6958994885126977,0
Webpage B,1,-23.3636970089294,0
Webpage A,0,59.795655278311294,1
Webpage B,0,15.975562847514077,0
Webpage A,0,15.463918768402799,1
Webpage B,0,58.41304071451562,0
Webpage B,0,-18.94587789469078,0
Webpage A,0,65.8483367943683,0
Webpage B,0,31.05861078047146,0
Webpage A,0,25.99184433723837,1
Webpage A,0,36.17414169035868,1
Webpage A,0,14.89651397524009,0
Webpage A,0,38.27352110774938,0
Webpage A,0,34.348553353647425,1
Webpage B,0,17.75610482370334,1
Webpage A,1,41.92840037429994,0
Webpage B,0,23.80337166944309,0
Webpage A,1,42.45824413263135,1
Webpage A,0,51.53971279462784,1
Webpage A,0,27.9411111577003,1
Webpage A,0,-3.044975755128398,1
Webpage B,0,31.91936767418175,0
Webpage A,0,34.446968731639636,0
Webpage B,1,18.08065422133711,1
Webpage A,0,21.196518652741215,1
Webpage A,0,19.72892158815849,0
Webpage A,0,24.183736976330817,0
Webpage B,0,-48.493918813238736,0
Webpage B,0,84.2316765105544,0
Webpage B,0,56.77425038941182,0
Webpage A,0,21.899514470626364,1
Webpage A,1,32.082652913200185,1
Webpage A,0,40.905541329598805,1
Webpage B,0,46.576858905451566,0
Webpage A,0,60.62315258714071,0
Webpage A,1,45.97658259430317,0
Webpage B,0,49.662427310025194,1
Webpage B,0,66.37601886606691,0
Webpage B,0,50.33419366229283,0
Webpage A,0,6.333911115030276,0
Webpage A,1,29.48930360787336,0
Webpage B,0,95.93363266001037,1
Webpage B,1,13.744812089856701,1
Webpage A,1,53.40078836728635,0
Webpage A,1,-5.23737383297226,1
Webpage A,0,41.83789748666724,1
Webpage A,0,26.338190736895005,0
Webpage A,1,50.274562264994806,0
Webpage A,0,27.064136040908522,0
Webpage B,0,25.605984874355215,1
Webpage A,0,90.1628995973413,1
Webpage B,0,32.49944560062989,0
Webpage A,0,37.67710903998568,0
Webpage B,1,18.782472830644885,0
Webpage A,0,13.338547313958728,0
Webpage B,0,33.46196445255883,1
Webpage A,0,23.100716479360607,1
Webpage A,1,33.508319757515316,0
Webpage A,1,6.721186429965002,0
Webpage A,0,17.832397102405377,0
Webpage A,0,56.25787770259379,0
Webpage B,1,19.115905416058432,1
Webpage A,0,22.4006245665488,0
Webpage A,0,18.030243320521276,0
Webpage B,1,31.049333430358057,1
Webpage A,0,13.640576975168905,0
Webpage B,0,59.84524924445165,1
Webpage B,0,72.21473649827277,0
Webpage A,1,38.9686756147147,1
Webpage A,0,20.529493445645667,0
Webpage B,0,39.15124781097491,0
Webpage B,0,46.722609475988556,0
Webpage B,0,59.14929130591049,0
Webpage B,0,17.43851188174937,0
Webpage B,0,23.0902184315583,0
Webpage B,0,31.844714820761567,0
Webpage B,0,31.2364956354645,1
Webpage A,0,33.35093803814219,1
Webpage A,0,45.70080295604661,1
Webpage A,0,-0.9110100431241044,1
Webpage B,0,14.781191425302215,0
Webpage B,1,18.320183471059085,0
Webpage B,1,16.647861401991438,1
Webpage A,0,17.279707304475167,1
Webpage B,0,38.37298475485436,0
Webpage A,0,64.00026261452763,0
Webpage A,0,43.24969150732675,1
Webpage A,0,-24.2025698593077,1
Webpage B,0,34.892316624515026,0
Webpage A,0,31.867416489146596,0
